timestamp_utc,defect_category,device_id,user_id,date
2020-01-02 16:45:20,Software,MHT2SEUQ74LV,B2Gye3CsdT,02/01/2020
2020-01-03 06:59:02,Charger not working,K5WU7Z4OINET,KwiD4wLGE3,03/01/2020
2020-01-03 16:47:16,Charger not working,ALCIBPQRP2CE,aqdfMO9i3G,03/01/2020
2020-01-03 17:48:29,Charger not working,SGGD9W87ROWZ,fVFHbWwjRi,03/01/2020
2020-01-04 18:16:12,Screen broken,Q1UJYS9IZZGT,jboZZ6SYYH,04/01/2020
2020-01-04 19:04:58,Not responsive screen,2Z6CNVCDWP7W,6AKm8N3zi1,04/01/2020
2020-01-05 02:29:50,Charger not working,6YKVOGH7S872,eRr6fWrl6G,05/01/2020
2020-01-05 06:06:37,Software,MJOCGA9VNS7V,nmWc0NuuU9,05/01/2020
2020-01-05 10:39:03,Not responsive screen,FYCKZPKRW3N0,VGWxmNS0No,05/01/2020
2020-01-05 11:12:23,Screen broken,R5LCXLAY8DG7,MW0E24NL71,05/01/2020
2020-01-05 17:26:07,Battery issue,P3BBYEPTWBB7,QA6ueYLfvJ,05/01/2020
2020-01-06 16:04:25,Software,HSZ29413JFCT,hzFqtAyCYc,06/01/2020
2020-01-06 17:30:15,Software,LLO1RRZYYSAQ,Ls5t2RpNv2,06/01/2020
2020-01-06 20:41:02,Battery issue,KAX9TF0FPWAI,KOLNHq1Ww1,06/01/2020
2020-01-06 23:22:36,Not responsive screen,BQ2MC02FTRY6,5nw9q7ZaSb,06/01/2020
2020-01-07 09:28:01,Software,POE4TQ03H6CO,gMOxFPfyUQ,07/01/2020
2020-01-07 11:13:45,Charger not working,HS5GAFLCB8U7,mRiGvTRyqh,07/01/2020
2020-01-07 14:45:07,Screen broken,3KF9MRWSX332,QLkARR0a7y,07/01/2020
2020-01-07 15:01:36,Screen broken ,RY1VDWY56KDL,lM0llumlRf,07/01/2020
2020-01-08 16:37:45,Not responsive screen,L2I3Q7XCFYH1,XitWvYRCSY,08/01/2020
2020-01-08 17:35:56,Battery issue,ZRTZ5O2RMPE2,Jf8ormNCs1,08/01/2020
2020-01-08 21:46:26,Charger not working,VLC4BHGQF8SZ,FYqtVPgOzK,08/01/2020
2020-01-08 23:09:27,Software,O2ZKG2QGGUWT,eqOGh6JrDY,08/01/2020
2020-01-09 12:23:28,Screen broken,1LMI89QE2PTR,FBJiizWWTM,09/01/2020
2020-01-09 16:02:07,Not responsive screen,AWLHV21DIUTO,nYbZPUY15p,09/01/2020
2020-01-09 17:32:10,Software,ETZDDUABQQHB,PueRUPor16,09/01/2020
2020-01-09 18:37:23,Screen broken,4PZSZ3EIM9Z0,SqR6aQLdK7,09/01/2020
2020-01-09 22:58:23,Software,I29TY0Z11U95,TsPhZurfer,09/01/2020
2020-01-10 06:29:55,Charger not working,6FMG28YHOWYU,UDrJfYHNZL,10/01/2020
2020-01-10 10:58:23,Screen broken,SO92W44RUTX5,6ts7UWAGqz,10/01/2020
2020-01-10 18:03:06,Charger not working,HA0R53Z29K0K,36Qt7ebPgW,10/01/2020
2020-01-11 04:00:49,Software,P2TNA35J3LSB,jHWAZotlGr,11/01/2020
2020-01-11 06:48:55,Screen broken ,BP4E2W31LUBG,mcyNqd2uMc,11/01/2020
2020-01-11 10:13:47,Screen broken,GKQNZZ720MJ5,6haeo3O8sB,11/01/2020
2020-01-11 16:14:50,Screen broken,AGN51GQOS5X3,GCOaI2AWu5,11/01/2020
2020-01-11 16:52:49,Software,KF065L5K4ZN7,q3htKdIySP,11/01/2020
2020-01-11 20:14:54,Software,QL75L764FL8T,3QbRkkIzlb,11/01/2020
2020-01-11 22:28:14,Battery issue,WW7QG50TVMKY,yEBKnDYgvH,11/01/2020
2020-01-12 01:20:50,Software,BCXTO17IS935,hBWT8fIY3P,12/01/2020
2020-01-12 09:37:05,Software,FE59YDLJUZJU,Jhm5bInz40,12/01/2020
2020-01-12 12:41:28,Charger not working,6EM2OFAK5ZZP,4SzUdJFtM6,12/01/2020
2020-01-12 13:12:38,Charger not working,3L92N2DNESBF,ef77ldM3lV,12/01/2020
2020-01-12 20:32:31,Not responsive screen ,G6D6F1HSVRRB,089rRxhm7f,12/01/2020
2020-01-12 22:23:13,Software,NFGD0UWVRD5I,yUYHDqEZnI,12/01/2020
2020-01-13 08:01:41,Charger not working,YI1SZMLFHSSE,9C8RgbuKk0,13/01/2020
2020-01-13 10:25:22,Not responsive screen,75HWWHHDNM7H,05rnv59Zbs,13/01/2020
2020-01-13 13:37:40,Software,PFBGHY1M6KQ1,UNOg7Kp7TF,13/01/2020
2020-01-13 15:48:38,Battery issue,TC5AVIZZJEFS,fJDlaX9GjV,13/01/2020
2020-01-13 17:34:34,Not responsive screen,4IV2U3N8DW9I,f9rrrecaWu,13/01/2020
2020-01-13 18:10:27,Not responsive screen,067IDMJE2DBZ,KQxyBBgLtC,13/01/2020
2020-01-14 13:29:46,Screen broken,ZDFFWU0YED4D,jJLF2o2JMt,14/01/2020
2020-01-14 17:05:47,Not responsive screen,UAWKCTA3W2O0,jgc9etcIA2,14/01/2020
2020-01-14 17:32:11,Screen broken,KNW7SRBSFTD9,rqOd6WKdcn,14/01/2020
2020-01-14 19:14:47,Screen broken,JVUS6SJLAWXG,bM45yMwiIU,14/01/2020
2020-01-15 04:42:05,Battery issue,EQA3OAR7UX93,ywEBsui2zN,15/01/2020
2020-01-15 08:08:01,Not responsive screen,PEDSJM3V39JD,xvzcKn3DaH,15/01/2020
2020-01-15 08:28:25,Not responsive screen,RN8731ASF4K4,Tox0Nin8K1,15/01/2020
2020-01-15 12:04:37,Charger not working  ,BU01B7D99NBD,3Krpnz2VzS,15/01/2020
2020-01-15 13:30:19,Charger not working,JZFODW8HIJJ7,4wWdIA6QHT,15/01/2020
2020-01-15 15:20:37,Screen broken,KH5NP9GODF29,5dYvsYGN1K,15/01/2020
2020-01-15 16:23:21,Charger not working,21B94GDT48PT,d30owo2Uh3,15/01/2020
2020-01-15 19:54:07,Not responsive screen,9PET0AVO4UA5,4Pq4bnJuJM,15/01/2020
2020-01-15 20:49:35,Software,VF7COKAM2AV2,4wJHKbjXtu,15/01/2020
2020-01-16 09:26:14,Software,VMNIADNNHQSY,Hxznepn17x,16/01/2020
2020-01-16 15:12:53,Not responsive screen,84O6CP5X01XW,Qd5nyJkp9N,16/01/2020
2020-01-16 16:09:51,Screen broken,20KIUT0065JO,5BdfhpRgMp,16/01/2020
2020-01-16 16:34:55,Software,KQ1VUR4WNUX5,Hl4dnF7tTF,16/01/2020
2020-01-16 17:11:43,Not responsive screen,15TM0V41ZWH1,6IYkNQAeZA,16/01/2020
2020-01-16 17:15:00,Screen broken,TO9E2W2P9JF8,s1PagRJRxh,16/01/2020
2020-01-16 21:27:57,Screen broken,B004JVXJX2UX,I61vS2bO5E,16/01/2020
2020-01-17 10:55:21,Charger not working,MK78IT077DSS,Q9FODTVM3C,17/01/2020
2020-01-17 11:47:23,Screen broken,I3PFSGMQWRSV,fCm6mrNhmo,17/01/2020
2020-01-17 12:17:58,Software,Y3F41NGP9X3O,0BZeV3FCco,17/01/2020
2020-01-17 16:50:46,Software,CKN00YFOO7UQ,Aebt655F6b,17/01/2020
2020-01-17 17:14:24,Software,KO5F0Y7VQ3C4,RvJCoI8oNN,17/01/2020
2020-01-17 19:52:24,Software,OVVSI6MRU314,G7WYQMQQ80,17/01/2020
2020-01-17 21:27:02,Software,1B508M5F8CD8,CWbU4MW1lL,17/01/2020
2020-01-17 21:57:57,Screen broken,BJXOAVNRAM9I,l3feEHPPmT,17/01/2020
2020-01-18 13:58:30,Charger not working,JTXJ542DYCNZ,MQeLdpblSx,18/01/2020
2020-01-18 17:04:40,Screen broken,2T4HQ2RODGSS,sa47rtP86w,18/01/2020
2020-01-18 17:45:10,Not responsive screen,A7H4BVH4O9Z6,6KyfqoxKNz,18/01/2020
2020-01-18 17:51:13,Software,K699VROKLY6L,XMz3iw8Ffz,18/01/2020
2020-01-18 17:57:18,Charger not working,K5KDX7JDZT95,8MtZMgEv7v,18/01/2020
2020-01-18 20:22:29,Screen broken,ZEU4E287WWA2,zDLuSFPiIk,18/01/2020
2020-01-19 03:26:23,Screen broken,JTW8GP7V1YC9,3LVm9SXqoH,19/01/2020
2020-01-19 11:23:19,Charger not working,EBV0WCHONDHF,oN7Slcfstt,19/01/2020
2020-01-19 18:03:52,Not responsive screen,QYQQI10IFEU3,FTcPaWRhYO,19/01/2020
2020-01-19 20:29:23, Screen broken ,X5J5T2S7I3LY,ansMst1wac,19/01/2020
2020-01-19 21:56:01,Battery issue,RXYCUKHO8JF6,r42KlTD0nJ,19/01/2020
2020-01-20 08:07:39,Charger not working,YZ1RY1WWXJEG,wTrIPr5Ir4,20/01/2020
2020-01-20 12:18:03,Not responsive screen,SCQFJIEW9Y03,pwF4wNs7kl,20/01/2020
2020-01-20 14:35:43,Battery issue,44QSP31APMZ4,SEMBQOmnXh,20/01/2020
2020-01-20 16:49:43,Screen broken,M83463HH963B,u1psaAwTHs,20/01/2020
2020-01-20 16:51:24,Software,H67X9OL0HSX7,CoEOOWvga1,20/01/2020
2020-01-20 21:03:26,Screen broken,8T8DIBFCA8ZD,XF1X2DPgvk,20/01/2020
2020-01-21 11:59:00,Screen broken,NWN6HPLZ3QI7,cZw73sOsNG,21/01/2020
2020-01-21 15:35:31,Charger not working,54MJ7O7N1PXG,BmQSy977gA,21/01/2020
2020-01-21 20:18:43,Charger not working,UNXJ1OFZKYWN,klpO8b4pTD,21/01/2020
2020-01-21 21:38:30,Battery issue,WVQ8OMCBJ2W2,ZPdGx9Wttc,21/01/2020
2020-01-22 06:29:26,Screen broken,IFANV20JZH93,iVRGbtpU9A,22/01/2020
2020-01-22 07:33:05,Charger not working  ,1BCA19FB43VB,6V58zNrD3r,22/01/2020
2020-01-22 15:47:02,Software,HFUW4MD64IF8,yY7PO0FaBX,22/01/2020
2020-01-22 16:34:53,Software,V2A59GR7FV0M,PW7BYvGilo,22/01/2020
2020-01-22 17:24:49,Not responsive screen,WKDTGCJYJMQL,1O9VhIfmYE,22/01/2020
2020-01-22 17:53:05,Software,PCR28W4UO176,Z66h0Ox56o,22/01/2020
2020-01-22 18:12:45,Battery issue,RL45LWRTPMMM,x2S3h7zlMp,22/01/2020
2020-01-22 19:43:41,Not responsive screen,X5ECNF9NZUWO,No3wn7u5M2,22/01/2020
2020-01-22 20:49:56,Not responsive screen,NRDAF0O23CL7,XYuodJ87Ig,22/01/2020
2020-01-22 21:48:20,Battery issue,D0GAY7PYW2O9,JJ12BsvkIi,22/01/2020
2020-01-23 05:50:22,Screen broken,Z6MBE0E2DMDX,z4mEfebMS9,23/01/2020
2020-01-23 07:40:28,Software,WMN4VRIXXVJA,82PBPfVQtV,23/01/2020
2020-01-23 08:08:24,Screen broken,QG8GQ43D52TW,u7ULmAPz01,23/01/2020
2020-01-23 11:03:35,Not responsive screen,1003EPK8PTWO,nKrJQryxvD,23/01/2020
2020-01-23 11:25:23,Software,E3R8D6QPF66X,3BVDA8dk3P,23/01/2020
2020-01-23 14:14:21,Battery issue,YCDJ6CP1IVQW,OSJMFv745t,23/01/2020
2020-01-23 14:40:49,Software,EMBEI80LUA3T,ERIbLY3nqu,23/01/2020
2020-01-23 16:34:38,Screen broken,M2YYSUIAQTTG,I3qmkkL0q8,23/01/2020
2020-01-23 17:55:58,Screen broken,RZ0EO5AZTRJD,Ql18c6OBjk,23/01/2020
2020-01-23 18:22:37,Battery issue,4SV9Z7AGH2PQ,MqWtgNvqwx,23/01/2020
2020-01-23 18:51:26,Battery issue,3IXHXR9206B1,w64CsIHc4b,23/01/2020
2020-01-24 12:00:08,Not responsive screen,HSL7AU1SXTAN,8FD9mI9gP5,24/01/2020
2020-01-24 16:11:49,Not responsive screen,5IZQ37KW7Z37,2J9a7AiHiD,24/01/2020
2020-01-24 17:49:30,Screen broken,QADKL73H40QL,Dp2pAoMnx6,24/01/2020
2020-01-24 21:43:52,Charger not working,8K91SAE7149V,CXwuHnxwCT,24/01/2020
2020-01-24 23:22:58,Screen broken,SX5ZPYK04MX1,Bs2acwSJ8i,24/01/2020
2020-01-25 10:04:05,Battery issue,9VNK31R4EH80,XtP1Fb85dN,25/01/2020
2020-01-26 04:51:04,Software,0ZTIN0S17GS5,UywdtE1qsm,26/01/2020
2020-01-26 10:36:54,Software,FFLWIFVNRHHC,rUTfO0B9iN,26/01/2020
2020-01-27 05:46:32,Screen broken,X7PXIG4VIM62,3jQXhXPgfC,27/01/2020
2020-01-27 07:37:17,Software,KJ9PYG6TYRSO,An2sPRSGrG,27/01/2020
2020-01-27 07:37:57,Software,JUC2ELZQ2BQU,Bp7KEaeKks,27/01/2020
2020-01-27 11:28:13,Charger not working,TOGMYEIE1TQ5,4dBN4Av0Mx,27/01/2020
2020-01-27 13:58:25,Software,U1TG3EVJFQK0,M48Cj03zhr,27/01/2020
2020-01-27 14:34:59,Not responsive screen,SRTLGLVIO8HD,6RRttjJ8jm,27/01/2020
2020-01-27 15:23:15,Screen broken,TTSXRUXB6BOQ,D3pYGpsNTx,27/01/2020
2020-01-27 17:04:41,Not responsive screen,67M75FIQ2P8L,GbCzNr4Ryd,27/01/2020
2020-01-27 17:13:13,Battery issue,NKGJUXP2YZF0,g6dYkFmMCA,27/01/2020
2020-01-28 06:30:55,Charger not working,4AWZ2SLZWVYP,y7yzlJXLGM,28/01/2020
2020-01-28 10:35:49,Screen broken,U5A5BE9AGVZW,g7OVqVZDZo,28/01/2020
2020-01-28 17:24:15,Battery issue,IP63AGHEVXC3,WBpq0BiSgO,28/01/2020
2020-01-28 17:29:03,Charger not working,NWKMPCB3SRM4,lZ1Q1U3QJ1,28/01/2020
2020-01-28 17:43:22,Screen broken,EKCME5G9PSB3,IUHECbAqg8,28/01/2020
2020-01-29 08:29:45,Battery issue,OHRS9SIVJKO5,z3KqacZ6q0,29/01/2020
2020-01-29 10:02:41,Software,TLB4WVW98RC8,m7czCDvrUy,29/01/2020
2020-01-29 18:42:09,Not responsive screen ,FK4X4OOTS6QG,0iW4vSUrgQ,29/01/2020
2020-01-29 19:35:22,Screen broken,8QXZFDGK2KFG,Vw3HaLRO1I,29/01/2020
2020-01-29 22:47:46,Battery issue,11E98L17LW2Y,Urk0VR93y7,29/01/2020
2020-01-30 11:07:47,Software,X3E78ZUAY11D,Vyo7r6JVND,30/01/2020
2020-01-30 15:52:15,Not responsive screen ,UIX172G7K427,xo26bk0iiq,30/01/2020
2020-01-30 17:24:20,Screen broken,3EXQK5NAZ7JU,K0YnTKCYt1,30/01/2020
2020-01-30 19:30:04,Charger not working,I283UW0NDJL3,ookWZT0wEQ,30/01/2020
2020-01-31 00:46:35,Not responsive screen,301FA9KXX16N,nzaRatYKHa,31/01/2020
2020-01-31 09:10:57,Charger not working ,S4ZUPSQAME5Q,Ew7v6sjOfR,31/01/2020
2020-01-31 10:14:43,Software,CH86P8DE3BRZ,8Pg8nH4RX0,31/01/2020
2020-01-31 11:12:43,Software,K2SMG36OJJJ9,9bF5vyqOY5,31/01/2020
2020-01-31 20:56:29,Not responsive screen,7BT88D5VPD99,7SOAyTR3ie,31/01/2020
2020-01-31 22:14:48,Charger not working,LLADP6F4J0UP,spHmCGo1PU,31/01/2020
2020-02-01 05:26:29,Software,0ITKBQ5I1BDV,ToFUxNqoGK,01/02/2020
2020-02-01 08:51:51,Screen broken,52BHTA5R9WFC,LKOwX8jJXA,01/02/2020
2020-02-01 11:56:40,Software,3SZ3D1QGTTPT,9NTgH1SWya,01/02/2020
2020-02-01 14:26:57,Charger not working ,XGNMJM3Y450M,MMLhZmWaJs,01/02/2020
2020-02-01 20:06:20,Software,20RAHG3P3LUU,kgsepkO1mp,01/02/2020
2020-02-01 22:26:28,Screen broken,GHJZIU4JES1D,FeiuOnnG5O,01/02/2020
2020-02-02 02:42:12,Charger not working,8LT6AW6L0IHN,BqRsbJbtJw,02/02/2020
2020-02-02 10:58:28,Screen broken,X7XUEMUJZYD8,JmYr3nplZK,02/02/2020
2020-02-02 16:39:27,Screen broken,OSF49IOBAW2P,HfUAnZDfDr,02/02/2020
2020-02-03 02:29:37,Software,KKT9RL98G9PZ,WAyQcTzoi1,03/02/2020
2020-02-03 15:58:41,Software,ZENFUYOCFYHD,FdD2pQCfpq,03/02/2020
2020-02-03 17:03:05,Screen broken,JL384PDZ259L,Z1bHPr4nSK,03/02/2020
2020-02-03 22:56:19,Software,27N2D0YH0NXE,fs8kefr2VO,03/02/2020
2020-02-04 03:18:28,Software,WYCC9RBHOOR2,WkkL0y0hUz,04/02/2020
2020-02-04 07:11:55,Battery issue,DY80S4EEX1FB,nTpCk8tQSn,04/02/2020
2020-02-04 12:17:43,Screen broken,WR8Y0SI6RQC0,Ay1Yv61vjs,04/02/2020
2020-02-04 20:27:22,Screen broken,D8PS4ATJ0J1T,QoH3QFYXFu,04/02/2020
2020-02-04 22:31:11,Charger not working,I5VTLLDI1JVJ,nwcQwUIunC,04/02/2020
2020-02-05 13:57:33,Charger not working,5VLLBQTYP4I5,MB58am6RaJ,05/02/2020
2020-02-05 14:44:47,Screen broken,YYFA1OU0IZZS,Y8XGl1nO2n,05/02/2020
2020-02-05 23:07:07,Screen broken,0P60EQT0M7S2,zuK8fI4Bto,05/02/2020
2020-02-06 03:28:06,Charger not working,4IAFSFGE7YB8,U0aGtGDv2o,06/02/2020
2020-02-06 08:45:43,Charger not working,JR2OH8OIRQHR,NTupjb9XTT,06/02/2020
2020-02-06 15:51:43,Screen broken,LKAG60IKX3SC,D44TCp49j9,06/02/2020
2020-02-07 06:16:17,Software,C6QCVMBAJUCE,c9sA2f8CMd,07/02/2020
2020-02-07 07:29:16,Screen broken,2EOFX1KM7LWH,tdo5Sw7j3i,07/02/2020
2020-02-07 09:18:03,Software,6H9SXW8NBJPY,CQfaEpaAkn,07/02/2020
2020-02-07 14:15:38,Screen broken,KNFNTS1YJZ5N,4VLuvD2EL2,07/02/2020
2020-02-07 14:46:04,Battery issue,WXTSC46DUVKD,s8M1NIo49S,07/02/2020
2020-02-07 15:29:06,Screen broken,8NFPAQSJ7WPQ,Q67jkxETBY,07/02/2020
2020-02-07 17:00:19,Not responsive screen,ID1UMCX7Y0AJ,DGBogdOzcF,07/02/2020
2020-02-07 17:20:59,Screen broken,FZFKBUNEQWYM,oArBkNnSC0,07/02/2020
2020-02-07 18:37:15,Screen broken,7YG1ISOHZ0K0,Six0uJ6O0G,07/02/2020
2020-02-07 20:59:46,Not responsive screen,B01OX2KTDMP3,VT2hiEFNe6,07/02/2020
2020-02-08 04:18:25,Software,GA0309DD5TWD,yfLkVz4HTD,08/02/2020
2020-02-08 06:31:20,Screen broken,3088URKF3NXI,ZJ35yLRukj,08/02/2020
2020-02-08 08:39:47,Charger not working,H85B4A07X8G2,P5iffhff9e,08/02/2020
2020-02-08 11:04:09,Charger not working,QSQ08A28HB3X,Wb0rgT4Kdl,08/02/2020
2020-02-08 11:27:14,Screen broken,2QKA273BDWWW,9lG2rrKLEW,08/02/2020
2020-02-08 15:38:48,Screen broken,7OT4DRF9HHFV,0mRnAx0b7T,08/02/2020
2020-02-08 16:51:19,Battery issue,NSKR1LTAII3Z,srUZl0wLft,08/02/2020
2020-02-08 18:11:28,Not responsive screen,9O994G3M5L5V,QJDragBz0x,08/02/2020
2020-02-08 18:49:23,Screen broken,DPA71KK89720,5IJn3VGbSm,08/02/2020
2020-02-08 19:16:34,Software,M9X7EYF03F3M,EyJdH9bOMy,08/02/2020
2020-02-08 21:14:37,Not responsive screen,JUZ00F03E5YL,J0e19KROxs,08/02/2020
2020-02-09 00:40:10,Screen broken,TZYE7QVR5RVU,MbzmH3B0AL,09/02/2020
2020-02-09 01:23:03,Screen broken,P3YDP08TAMZJ,n3n7KwJiP7,09/02/2020
2020-02-09 02:18:52, Screen broken ,5BMF4PXJ85VO,lVlbwwUQnl,09/02/2020
2020-02-09 07:56:06,Screen broken,K5RX3522URCK,3xH9rHHMWc,09/02/2020
2020-02-09 15:04:42,Software,27GUO1R6H27C,NHPxEuHuKQ,09/02/2020
2020-02-09 16:06:19,Software,T15QWHCVLAWV,y5r4eaeSLf,09/02/2020
2020-02-09 17:04:28,Software,28X8CELHHBQ7,pIgiU0sIhx,09/02/2020
2020-02-10 11:28:30,Software,0HXBBOX2I75X,0GzDrWNVNH,10/02/2020
2020-02-10 15:09:18,Charger not working,V2MIYA0PSBKG,jUwpXDwvUa,10/02/2020
2020-02-10 17:49:58,Screen broken,M6FOQ5EO5PZI,pqRzKmEhJE,10/02/2020
2020-02-10 23:05:41,Battery issue,SXJNMNFGGK16,9aEVGM5lGY,10/02/2020
2020-02-11 08:14:49,Screen broken,BEE0S65O8CSR,HCKp0cOxrG,11/02/2020
2020-02-11 13:13:50,Charger not working,3VG5DS40G6O3,0EGuYcYA9M,11/02/2020
2020-02-11 16:52:54,Not responsive screen,DDPN316955SS,DK3hHQM12r,11/02/2020
2020-02-11 21:01:50,Software,ZC9I3COMQKF0,hsHTSLY0IW,11/02/2020
2020-02-12 05:47:51,Screen broken,YM9ML2ZPRU82,jQE8msZd1b,12/02/2020
2020-02-12 07:47:55,Not responsive screen ,D8TCPYAF5SLT,1BwE2KDG57,12/02/2020
2020-02-12 10:33:07,Not responsive screen,R9HSDYSSYEFY,RMjGEhU21l,12/02/2020
2020-02-12 13:20:57,Software,4UZ1XBF8BHV4,5Iz2p5nGVE,12/02/2020
2020-02-13 06:54:44,Not responsive screen ,OP32IUXELLOQ,FM27BTlH5z,13/02/2020
2020-02-13 07:37:51,Screen broken,CYDH6V37HGP0,5u9TwunUSS,13/02/2020
2020-02-13 15:18:29,Battery issue,MOEHJASIBX8J,plkNNqi97F,13/02/2020
2020-02-13 18:14:50,Not responsive screen,GII8V03Q4MJX,cCrUnBXKHy,13/02/2020
2020-02-14 11:48:01,Charger not working,VZPIK7VJGR11,E4JkmaBvfR,14/02/2020
2020-02-14 13:41:03,Not responsive screen,90MY5LDONHE5,vM7RRLL0cI,14/02/2020
2020-02-14 16:04:28,Not responsive screen,V69DLLW321MR,LxctFz5V8N,14/02/2020
2020-02-15 00:10:54,Not responsive screen,UYS4QJDCDXJM,TeHjsOi3pc,15/02/2020
2020-02-15 01:48:32,Charger not working,T16FMUZ3KGZO,VZ82xui044,15/02/2020
2020-02-15 03:27:18,Battery issue,G9C5V62878BS,uvxD1R1a8x,15/02/2020
2020-02-15 09:39:45,Charger not working,W0SL9UFM0D5Y,WlDpki1lfK,15/02/2020
2020-02-15 10:59:18,Screen broken,L9H7DRPIFFQA,nV4C2wRQov,15/02/2020
2020-02-15 11:16:34,Software,0GB6357WGBNM,3l01jYpMQx,15/02/2020
2020-02-15 12:53:47,Screen broken,97ZJDCP4915U,sk3REOOFhV,15/02/2020
2020-02-15 15:19:21,Charger not working,J8B0L16Q9J6Q,n9ZPA5cmXX,15/02/2020
2020-02-15 15:22:37,Screen broken,MUNKSHN7A4UE,Dn0nWNzIFt,15/02/2020
2020-02-15 21:00:54,Software,HX685AGQXBDQ,7xskGeR3ry,15/02/2020
2020-02-16 04:11:14,Battery issue,YQXT6AWCMWHD,cNSmOIi2bh,16/02/2020
2020-02-16 05:53:10,Charger not working,C1GT53RD1SPB,7agCUj0SWF,16/02/2020
2020-02-16 12:17:20,Not responsive screen,PBRDRZDUQ4IR,LSs1cHRTKC,16/02/2020
2020-02-16 13:22:27,Screen broken,X1JVFT0VWG8W,yQhDq7j62w,16/02/2020
2020-02-16 13:39:38,Not responsive screen,BCWM0Q74EDAU,Gneg5SWBg4,16/02/2020
2020-02-17 14:55:15,Battery issue,1JWX31MN7YUU,tvOErq1ozP,17/02/2020
2020-02-17 16:24:18,Battery issue,9FFXSBF5Y86N,aaLB6xnP1P,17/02/2020
2020-02-17 17:41:06,Not responsive screen,VQPRDXYVFQCY,gloowFxVHl,17/02/2020
2020-02-17 18:31:31,Battery issue,4NOP6HMCJ9T0,FmbsFHC8ha,17/02/2020
2020-02-17 20:08:32,Screen broken,U6CTHLM0ZTDL,tKHNGv9ZnI,17/02/2020
2020-02-18 13:03:23,Charger not working,PXBE3WOYJVNT,ZEUc3Zi7TY,18/02/2020
2020-02-18 14:16:23,Battery issue,8UTYLH9FKC89,1eIz5T6heY,18/02/2020
2020-02-18 15:47:57,Not responsive screen,U97SVHE3LMJ9,GS35LavqkM,18/02/2020
2020-02-18 16:43:52,Charger not working,L3BRBCTE93TJ,NIlGYg9F6b,18/02/2020
2020-02-19 11:09:53,Software,CNGRT4E4GGYS,gRuziwpyPe,19/02/2020
2020-02-19 11:40:52,Software,8ITABJZR65B4,1iJvdhaHdQ,19/02/2020
2020-02-19 12:02:17,Charger not working,K019R7RJCHK9,Pqld1Qa0vi,19/02/2020
2020-02-19 13:13:20,Software,F8BRNVTDDCDK,iZ70IsIFbd,19/02/2020
2020-02-19 13:51:35,Software,2V65AQVWLY2B,YZtSt9fsMT,19/02/2020
2020-02-20 12:07:23,Charger not working,BE1I25BQBS2Q,bSf80Yu75R,20/02/2020
2020-02-21 01:58:07,Software,LC0YHWLGX9GM,DMiRXEHJQI,21/02/2020
2020-02-21 06:22:47,Charger not working,PND4NJ6SGC7G,MJezLwXkwq,21/02/2020
2020-02-21 06:35:22,Not responsive screen,Y4NAFDVI04QR,Zo8NRF5kBZ,21/02/2020
2020-02-21 10:32:36,Screen broken,GOA24UNW16UA,iHwRYfoz5F,21/02/2020
2020-02-21 14:59:16,Screen broken,SBZYB5CTXJEY,8OVUXbH13e,21/02/2020
2020-02-21 15:59:32,Not responsive screen,3ITRJZZEO55N,W6uOPipxM6,21/02/2020
2020-02-21 17:44:03,Battery issue,0JQLMG0TQBWB,qzOzZrbTVT,21/02/2020
2020-02-21 22:40:42,Not responsive screen,Y2BZQ8H4YCB5,t3l7shbPkb,21/02/2020
2020-02-22 01:32:29,Screen broken,VRL1RFKLXG48,6Iua8bQFpL,22/02/2020
2020-02-22 07:06:22,Software,WPYYW43FVC48,g95tnpVIVV,22/02/2020
2020-02-22 11:45:19,Software,ADEUQ6TS8SYR,vQg13N0qzB,22/02/2020
2020-02-22 20:18:02, Screen broken ,STOBK0RAEZWV,jBVns2Nttn,22/02/2020
2020-02-22 23:54:06,Software,LCKI3MJA7JKZ,HDeuuSYqfY,22/02/2020
2020-02-23 01:33:29,Charger not working ,MQQJNI8LXJAY,B52OeiXdjd,23/02/2020
2020-02-23 18:54:50,Charger not working,92DIKWACJ8GN,r4I15X95s3,23/02/2020
2020-02-24 07:32:02,Screen broken,TW6AD1MLQPW8,02cVtAtR2q,24/02/2020
2020-02-24 13:52:59,Screen broken,M0Y6VBZVVVN4,wZSMw0i1tH,24/02/2020
2020-02-24 14:26:53,Software,X02M67ZQDAUR,GSbkIkAOR2,24/02/2020
2020-02-24 15:10:40,Battery issue,0JMDRN5JEV1F,3TWWDN8x2F,24/02/2020
2020-02-24 19:14:25,Not responsive screen,1C0INVOZABUM,OGdIKR9CPz,24/02/2020
2020-02-25 07:34:32,Screen broken,B4NLQ89A2CH1,gb8p30GiQn,25/02/2020
2020-02-25 07:58:30,Not responsive screen,XTZCMRM404B9,zcF9M01arF,25/02/2020
2020-02-25 18:51:10,Battery issue,AEUHW1S6336M,7tTk7UVFd1,25/02/2020
2020-02-25 21:56:29,Not responsive screen,L9P9GOWY3MK6,ysPKxZtDBq,25/02/2020
2020-02-26 00:09:34,Screen broken,SQMR63QE44MS,ykyMiTefIq,26/02/2020
2020-02-26 07:06:49,Software,BKOFQDXK5ONG,L5RGtATWJR,26/02/2020
2020-02-26 08:55:49,Software,XQ1BGH44O83Z,dHKTaR3FKO,26/02/2020
2020-02-26 13:57:29,Screen broken,QL75L764FL8T,3QbRkkIzlb,26/02/2020
2020-02-26 14:41:33,Battery issue,GVILW24GHZ7W,hN296Jua5S,26/02/2020
2020-02-26 21:33:41,Charger not working,7R8HJCVZ5LQL,L2vat2wt69,26/02/2020
2020-02-27 08:11:39,Software,J6K0T6HBGXCY,2cjA2QNFrR,27/02/2020
2020-02-27 08:20:58,Screen broken,R3YFKC0K9FUY,wRZuB3S5xm,27/02/2020
2020-02-27 08:48:29,Software,UW0G53BO2HJ6,Crznnru5lP,27/02/2020
2020-02-27 12:38:30,Software,TRS88USM2G0X,0egHok14Cr,27/02/2020
2020-02-27 15:18:55,Screen broken,XK8M1ADC86HZ,FWMXNfdAAP,27/02/2020
2020-02-27 16:57:19,Software,5K3H8C1JGUWS,hipUBI6PQH,27/02/2020
2020-02-28 06:47:19,Software,8HE0JICXVHLD,qKuWSi8Hdk,28/02/2020
2020-02-28 07:46:07,Software,GWU9JD4QLJ2G,s94AHvJeEn,28/02/2020
2020-02-28 08:37:56,Not responsive screen,9G4YY4QVSYIZ,Fcxab0cxHD,28/02/2020
2020-02-28 16:26:13,Battery issue,IH5WR735MD8Z,RLNFUa5ZRQ,28/02/2020
2020-02-28 17:26:17,Screen broken,16PZINDIQ4RY,6JTk4Bsnba,28/02/2020
2020-02-29 01:58:01,Screen broken,FDQBG1TOEBW7,bcPjF3x1EU,29/02/2020
2020-02-29 10:14:33,Charger not working,S4C8ZHPK4YWB,5bDH6MMPLZ,29/02/2020
2020-02-29 15:01:02,Software,W2RB4EBFKB5E,OO81pS1eNy,29/02/2020
2020-03-01 02:15:14,Software,15POV39IXRKL,GT17eZhbg6,01/03/2020
2020-03-01 03:10:50,Battery issue,4JA5L23Z8PCF,6xiEG9ODTy,01/03/2020
2020-03-01 07:21:12,Not responsive screen,MV6680E728WJ,f8P5jqJ3Yf,01/03/2020
2020-03-01 10:23:38,Screen broken,3FUYUWU6JT0H,Yr8pxJT4qp,01/03/2020
2020-03-01 12:10:45,Charger not working,Q2S5FQMQ6X4V,yI8SBJvtBv,01/03/2020
2020-03-01 17:41:18,Screen broken,SGDIM1JOP1K4,GIPzLQpurI,01/03/2020
2020-03-01 18:42:40,Battery issue,N01BYDFMKCV7,1IbiMZtbWw,01/03/2020
2020-03-02 06:58:58,Screen broken,V1BSK0OEIN4D,xmuSxwisH2,02/03/2020
2020-03-02 11:05:45,Charger not working,WGVIXWDYF23R,4XaA1gf31H,02/03/2020
2020-03-02 18:15:27,Not responsive screen,OQ1RV3VULJXR,hL0vllDtTK,02/03/2020
2020-03-02 18:39:27,Battery issue,A81YBPUSDL13,Exm83fPa1f,02/03/2020
2020-03-02 20:57:20,Battery issue,NITP0YQ4RYVD,BDUw44zeS0,02/03/2020
2020-03-03 10:30:01,Not responsive screen,KCYJCE577JIN,pb8LDUHval,03/03/2020
2020-03-03 12:16:17,Software,6E3F6PRAEQKJ,PIirjcTBVP,03/03/2020
2020-03-03 16:08:48,Charger not working,J1JBOVOT29FQ,WiK48isCvE,03/03/2020
2020-03-03 23:51:59,Software,XRJQGICEXHLK,H0MZADuupG,03/03/2020
2020-03-04 07:03:35,Charger not working  ,V5NNJBNVH8TU,j3f90N7XMz,04/03/2020
2020-03-04 12:31:38,Screen broken,9FB785J71QWG,rY78R18Py2,04/03/2020
2020-03-04 18:25:45,Battery issue,45O74MMCRISQ,gsQsgxJuCJ,04/03/2020
2020-03-04 22:11:35,Charger not working,U7MFM9OHCEXX,z9U8kNQPzl,04/03/2020
2020-03-05 14:36:42,Not responsive screen,HAD3EWGAFY85,zWjNoFbxAD,05/03/2020
2020-03-05 15:53:50,Charger not working,4YKBX0HPCOOL,JaxkBc3hqn,05/03/2020
2020-03-05 16:02:58,Screen broken,TYRI9CRD82B1,j7m7lxrIdb,05/03/2020
2020-03-05 16:50:21,Not responsive screen,DWAWV08Q06IJ,jIEtAv2UOy,05/03/2020
2020-03-05 16:51:40,Screen broken,MRAG8RKIPEHR,YYtuPDPKUz,05/03/2020
2020-03-06 12:16:46,Charger not working,NHSIQT28V3TX,wzm7tks9cH,06/03/2020
2020-03-06 16:51:45,Software,TRJQ486LASPP,CMUc1OCCi3,06/03/2020
2020-03-06 19:37:10,Screen broken ,YCZVI05R3INV,9n6qTzfq9E,06/03/2020
2020-03-06 20:50:36,Battery issue,LNQQWXBJL73N,PiqpKXDl4H,06/03/2020
2020-03-06 20:57:37,Screen broken,3FR4QHQ7UGAA,m7owDIpPas,06/03/2020
2020-03-07 12:08:28,Screen broken,IA6Q125S2BJL,AbEfgalRM0,07/03/2020
2020-03-07 14:42:01,Not responsive screen,6TMICYH01EIS,59ASAJCIAL,07/03/2020
2020-03-07 16:44:21,Not responsive screen,EBPRX0ZXBY73,tW9IZ4yYqx,07/03/2020
2020-03-07 17:47:30,Not responsive screen,WOEC9E2B23RT,ZB1f3dLWD1,07/03/2020
2020-03-07 17:49:30, Screen broken ,AUAOUZKTW4HL,kfVgqlAoaZ,07/03/2020
2020-03-07 18:28:38,Software,MKX4SPLWBXNV,ZDQ9BcRdDr,07/03/2020
2020-03-07 23:57:36,Screen broken,DZXC8MEHP7O9,6I8jokweqB,07/03/2020
2020-03-08 12:17:32,Software,ORZS8LBOU4S6,zPIaSpoDAI,08/03/2020
2020-03-08 13:19:35,Not responsive screen,TFYAHXJIRING,5zZy2xvIip,08/03/2020
2020-03-08 14:10:38,Screen broken,1AU3XS3UHOLY,GCWLCmPMHr,08/03/2020
2020-03-08 14:46:54,Battery issue,PWZB1GI2FREE,6ySG5tZNVx,08/03/2020
2020-03-08 15:49:25,Charger not working,YZXYS6AVJM5M,GjJ1dmY7mt,08/03/2020
2020-03-09 15:12:47,Software,YU0TC9C5ZJ3K,Cun6B6H91u,09/03/2020
2020-03-09 16:08:31,Screen broken,KFHD04UD3ZSZ,SKYsGTNuhQ,09/03/2020
2020-03-10 10:58:39,Screen broken,Z1MTO7GKDI57,ZNBPStlDIW,10/03/2020
2020-03-10 11:45:25,Software,YYTRD3CKB21U,DTkf8RXTb9,10/03/2020
2020-03-10 16:41:00,Battery issue,X67DW0ZVNXKH,lCUQIs7N1s,10/03/2020
2020-03-10 20:48:56,Battery issue,GHY7CCWGZM5L,S5arupwVSS,10/03/2020
2020-03-10 22:16:35,Software,9JB5ALEJIK8N,5iZPvWq0h9,10/03/2020
2020-03-11 09:39:39,Software,QL75L764FL8T,3QbRkkIzlb,11/03/2020
2020-03-11 11:30:25,Screen broken,1YKTOUN2VAW6,ekvZosCDF5,11/03/2020
2020-03-11 14:47:09,Battery issue,BLKLYDLX7AXN,nPlrP0FMqz,11/03/2020
2020-03-11 16:58:31,Software,ORQJWKGLODIQ,xDD89nyHps,11/03/2020
2020-03-11 20:19:02,Battery issue,2SLDHGT5V8W7,T4Z6SPhH90,11/03/2020
2020-03-11 20:24:51,Charger not working,VQFT5ACOAB3P,TdScBj3Gq0,11/03/2020
2020-03-13 14:42:01,Software,XWSSAAR8AJBP,kffmLQgdgh,13/03/2020
2020-03-13 22:15:07,Software,FYQAY8ZHPI23,mEr32kFiht,13/03/2020
2020-03-13 22:55:36,Screen broken,BUQSNNSAUS6U,rqBjNnJdU1,13/03/2020
2020-03-14 06:37:38,Battery issue,V5KTQPDJNHES,ngnBSYNdrW,14/03/2020
2020-03-14 08:12:45,Battery issue,6XSP7K3SLSAO,oyhKGppFuj,14/03/2020
2020-03-14 14:40:28,Software,QL75L764FL8T,3QbRkkIzlb,14/03/2020
2020-03-14 15:09:11,Not responsive screen,HHA3BOXMP9UD,UbXDO8vSt7,14/03/2020
2020-03-14 17:08:05,Software,628YJ88XNTFY,BF372GHPqw,14/03/2020
2020-03-15 13:33:40,Software,JHS6RAC7QYS8,QjumCKbkXz,15/03/2020
2020-03-15 14:34:53,Battery issue,80Q7OXV33124,tgiQ0ZETfz,15/03/2020
2020-03-15 16:04:14,Charger not working,FWS9D9774A7W,kA3QVZ3aXc,15/03/2020
2020-03-16 07:18:22,Battery issue,XDCKNIHEHSXS,pSlZkljAok,16/03/2020
2020-03-16 11:04:44,Battery issue,596S5YYWN5FO,8874VV07JK,16/03/2020
2020-03-16 17:44:18,Not responsive screen,3J72CRJGSEFI,ObFoJPKVYG,16/03/2020
2020-03-16 18:38:30,Not responsive screen,RSK71W9QBSU6,lO5uPn4mE7,16/03/2020
2020-03-17 00:04:06,Not responsive screen,KHSQ0KO2KSOQ,1bLOdG3q2c,17/03/2020
2020-03-17 07:50:35,Battery issue,QX8NCG1G1BDE,l3UWRmPi2r,17/03/2020
2020-03-17 08:23:28,Screen broken,G7R7KVNK2MX3,UU1rooSbfb,17/03/2020
2020-03-17 13:09:26,Screen broken,XJBJT80KF9JJ,Au504o6Wwd,17/03/2020
2020-03-17 14:07:13,Screen broken,UOI3OH5FBR2H,Tq6bev3SDB,17/03/2020
2020-03-17 16:53:34,Not responsive screen,JY6KDGRRO2I0,yCPBanZilk,17/03/2020
2020-03-18 09:24:01,Not responsive screen,YG0OGRI1FOK4,fBUYmgQdn0,18/03/2020
2020-03-18 14:35:56,Battery issue,VZ91UAT1DXML,h2HTju3w6d,18/03/2020
2020-03-18 17:26:12,Screen broken,CHO1GD52J80B,9VsLQDz6wO,18/03/2020
2020-03-19 14:10:52,Not responsive screen,VZDJOUYBID6X,KP69DFdJDa,19/03/2020
2020-03-20 10:47:28,Battery issue,7CAN8OFZ5WYX,86ZkKpA2yd,20/03/2020
2020-03-20 15:46:41,Not responsive screen,8TANLIT6QO1S,hiMMdYsDKN,20/03/2020
2020-03-20 18:11:07,Screen broken,6JTEJMGI1BV7,0dP3J5duAe,20/03/2020
2020-03-20 21:51:00,Software,MEOBI2DNHZPX,Hw1BYlqFpA,20/03/2020
2020-03-21 14:27:04,Battery issue,KYI3IWBB8YV2,7FwOVEIY07,21/03/2020
2020-03-22 12:56:35,Not responsive screen,CF6BIODXE8OR,HcW8sHxEPL,22/03/2020
2020-03-22 13:20:41,Not responsive screen,6457W3ECTZKH,wUEmbiPmEm,22/03/2020
2020-03-22 13:43:39,Screen broken,UX1ROPX2AGVS,ZEQSc8QBXT,22/03/2020
2020-03-22 16:58:35,Not responsive screen,K99WCG5AGX0L,uIFfjlXx6p,22/03/2020
2020-03-23 08:41:38,Screen broken,69HQJ2ITXVMP,b1foV8Vfxl,23/03/2020
2020-03-23 15:26:50,Not responsive screen,QBK6LKVM0DDP,V55wIpgSGr,23/03/2020
2020-03-24 15:06:32,Not responsive screen,6MRFPWU3EXID,Zxm8v3ZqsZ,24/03/2020
2020-03-25 05:55:49,Software,E81SEXWXOO5A,iuKZ0iaOu8,25/03/2020
2020-03-25 09:26:59,Not responsive screen,8N26EYRYC07T,3TlkN2Zmg8,25/03/2020
2020-03-25 16:56:21,Software,44NIO497Z54X,0ldMh3dTFR,25/03/2020
2020-03-25 19:28:56,Charger not working,57DJGVEBLSV7,SikZ4ek2AB,25/03/2020
2020-03-25 19:39:57,Battery issue,QMQXGOQ6Y2BJ,JKpxy8q36m,25/03/2020
2020-03-26 07:44:25,Charger not working,LMVQ1F6SGRXN,fYCPRmtWti,26/03/2020
2020-03-27 10:42:55,Charger not working,1W3EZ1XVKGSQ,AL14uLsyh9,27/03/2020
2020-03-27 12:28:27,Screen broken,2U25AQZTHKCW,SFghBfdQbw,27/03/2020
2020-03-27 16:01:18,Charger not working,MA06FTPYY7V2,awDq2r2e5I,27/03/2020
2020-03-28 07:29:15,Software,V8TAM3C6SB79,BM7zBTkd63,28/03/2020
2020-03-28 11:51:58,Battery issue,EIJY4ZFG176T,2TkYsJHd7g,28/03/2020
2020-03-28 15:11:13,Not responsive screen,5ELXLV8AZLB9,GkY4oEKVgW,28/03/2020
2020-03-29 18:36:19,Not responsive screen,5T7A4PZOWFEE,SGG9VMRs6W,29/03/2020
2020-03-29 21:04:18,Screen broken,MRWGKI2N75BB,YCZjPLAOyv,29/03/2020
2020-03-30 13:58:18,Screen broken,HZT5NUFBGI4F,Pjtaove0U2,30/03/2020
2020-03-30 20:44:58,Software,BN3FN2P3Q1FW,ZjzbsJLSAW,30/03/2020
2020-03-30 21:12:14,Screen broken,QLVWXLV3YR08,pgL5dVICPn,30/03/2020
2020-03-31 15:43:46,Software,ADIFBAWPHWA4,KnvSoNSGAs,31/03/2020
2020-03-31 16:31:08,Charger not working,T879FLZN0SBG,tg7QJGVzv3,31/03/2020
2020-04-01 02:12:16,Not responsive screen,IV2ADOQHK4ET,ZXg0XiPLJ7,01/04/2020
2020-04-01 18:05:09,Charger not working,281UAXOM2ZQI,fSQjyTTQjU,01/04/2020
2020-04-01 20:27:42,Screen broken,F5EXFCKKH48V,Z2hzTY0FA3,01/04/2020
2020-04-03 04:42:43,Screen broken,SD6NZRMU69XY,kSMGBI12A4,03/04/2020
2020-04-03 10:24:06,Screen broken,RJIO2I7TEUPY,JVZE1Bys4q,03/04/2020
2020-04-04 13:46:21,Screen broken,J27JIZBMVL2M,7C4oY0pGZc,04/04/2020
2020-04-04 16:54:48,Screen broken,EIGSC7HHWYYY,8cpVvDtGWw,04/04/2020
2020-04-04 20:10:54,Software,F7F06L1OWPRT,YiDXxzvVVy,04/04/2020
2020-04-05 05:51:45,Screen broken,CNCTULBGAH92,piNmFabav2,05/04/2020
2020-04-05 12:15:46,Not responsive screen,NIFM31NXVNPI,xKgGN2eE45,05/04/2020
2020-04-05 13:13:44,Screen broken,9FHGEP0QKBB6,I7AHMxYFtv,05/04/2020
2020-04-05 14:15:25,Software,5J2E43XZCY2R,pLFh5UrbXi,05/04/2020
2020-04-07 05:15:18,Software,IQK1UDCK8F9I,zGnz4kd0VN,07/04/2020
2020-04-08 13:24:34,Screen broken,XJYY68JX7RXN,gIEk9i4Zmt,08/04/2020
2020-04-08 16:01:07,Software,YC91CFP5UM2B,meiCc7BlwB,08/04/2020
2020-04-09 11:07:58,Screen broken ,QTOZLBZKIGKR,MfbSGErD8L,09/04/2020
2020-04-09 14:42:56,Software,B4QWTN1J8W20,6rWVurcJiX,09/04/2020
2020-04-09 16:43:25,Battery issue,Y9PL35YFWKJF,Ao13aWwy3Z,09/04/2020
2020-04-09 19:52:42,Battery issue,XM6XEXKN6ZFI,2JBA3Q90f9,09/04/2020
2020-04-09 21:15:15,Charger not working,DSE9WKH4EWCA,5j8BfWlN0e,09/04/2020
2020-04-09 21:26:59,Screen broken,76YKRH9BZEE6,nmcZe9lxC6,09/04/2020
2020-04-10 10:12:07,Not responsive screen,749MM2MIL8CW,5p0C1hmLA6,10/04/2020
2020-04-12 10:15:52,Charger not working,FAHDGPNXMPFG,LwN0AjAGJg,12/04/2020
2020-04-12 10:27:06,Charger not working,N1MXROUFDZYO,ExRynsTLvr,12/04/2020
2020-04-12 11:44:43,Screen broken,G9EJK9K000YW,h06iLugtuH,12/04/2020
2020-04-12 15:21:06,Screen broken,XKO7ZM4NNXO8,QPrxaaJzco,12/04/2020
2020-04-12 16:08:39,Screen broken,DAX4G12WKTE9,309DA81rYR,12/04/2020
2020-04-12 17:38:43,Charger not working,5ZU3S9N1EGYA,EJLowEyNRn,12/04/2020
2020-04-13 19:54:36,Battery issue,U5ZW02M8BCYC,HLpHzYoLvN,13/04/2020
2020-04-14 14:53:44,Not responsive screen,MC1H96XGDD3B,C6QU6DwzoS,14/04/2020
2020-04-14 15:08:54,Not responsive screen,NYUCOWHBF51V,iWESWSNJcQ,14/04/2020
2020-04-15 06:37:11,Software,AA85TQNC3MYU,mO9nWasmV2,15/04/2020
2020-04-15 13:39:42,Screen broken,OYS6UA0QXGRL,H5S4mbwNT9,15/04/2020
2020-04-16 09:39:14,Not responsive screen,XQJDE719CL4B,id1gTXZSws,16/04/2020
2020-04-16 10:53:17,Screen broken,P3OKJT5XDOZU,lKCXfXJUe2,16/04/2020
2020-04-16 13:04:30,Not responsive screen,GOH5DPTRSTNU,510YBMdmYR,16/04/2020
2020-04-16 14:17:08,Screen broken,FN0OZL5BXUOI,VcpTQT5qfk,16/04/2020
2020-04-16 17:10:23,Software,K3H7GPWXWPGQ,C9kEcyvA5B,16/04/2020
2020-04-16 18:39:59,Software,9EM8IBIZMJX7,gYuZmfFYcY,16/04/2020
2020-04-16 19:13:10,Software,RIU7ZGNQXUDF,uKhMke0mYL,16/04/2020
2020-04-17 08:03:51,Charger not working,A3J6QJL3ZUKO,LyeYhbgAYI,17/04/2020
2020-04-17 13:27:23,Charger not working,56Q5CUW2D119,Y3KyqSGFdv,17/04/2020
2020-04-18 10:48:24,Battery issue,9RMOCF5IK6ZA,XhE1qus9aM,18/04/2020
2020-04-18 13:30:27,Software,P8M44K45S6ZT,Zn1IZNmjzj,18/04/2020
2020-04-18 15:04:55,Software,XPYBTVVYMXRB,LmUPec0FOk,18/04/2020
2020-04-18 16:23:19,Software,P5OVJ8EKROZ5,oV7vBahQyK,18/04/2020
2020-04-19 11:41:58,Battery issue,QL75L764FL8T,3QbRkkIzlb,19/04/2020
2020-04-19 12:18:25,Charger not working,ID86SMFW5BJP,J4SnBamHtP,19/04/2020
2020-04-19 15:48:29,Screen broken,CIO1IVPRG3MG,i07ZmWvlWl,19/04/2020
2020-04-19 18:01:47,Battery issue,07ISYPSBC0O4,CE5yKU8FEh,19/04/2020
2020-04-19 18:47:06,Charger not working,T1JC472V9J0L,raRBNcj7U5,19/04/2020
2020-04-20 06:23:04,Not responsive screen,7YATO2OA1X5S,joYWu1nxHA,20/04/2020
2020-04-20 07:35:28,Screen broken,ZE9TP2CROXUW,I7bB2sbPeK,20/04/2020
2020-04-20 08:04:40,Not responsive screen,Y9SM91H2Q1OI,keABFvYAZ3,20/04/2020
2020-04-20 12:40:33,Software,FH443JODRVIX,kiX1Loo29n,20/04/2020
2020-04-20 15:16:55,Not responsive screen,TBYQHZDTCHDJ,ZKjbOIWeDS,20/04/2020
2020-04-20 19:02:47,Charger not working,QL75L764FL8T,3QbRkkIzlb,20/04/2020
2020-04-21 13:01:33,Not responsive screen,K2CO6IHY1GA9,IANhGnzbMl,21/04/2020
2020-04-21 14:34:51,Screen broken,SD4TCZKUJ4A8,SDugaFqNUW,21/04/2020
2020-04-22 06:12:13,Screen broken,UKXLBRLTFRLU,GTOaPY6EHy,22/04/2020
2020-04-22 09:48:37,Software,4MUUXP0L8VNB,dDDx9Nq5py,22/04/2020
2020-04-22 18:12:07,Screen broken,OX1OFP71G4EN,5nHBkm2sXI,22/04/2020
2020-04-23 08:14:27,Screen broken,WO87SIH6RKSB,tZMGtibugn,23/04/2020
2020-04-23 17:12:12,Screen broken,OQRYONT66T4N,nEWR284WQm,23/04/2020
2020-04-24 12:03:01,Not responsive screen,TBER00ID467M,eNVvTTvgxC,24/04/2020
2020-04-24 12:38:17,Software,AX8QSB7SMHXY,RtLDC6xm1E,24/04/2020
2020-04-24 12:50:24,Charger not working,CPQ6KOAB50XI,ua7gYkiW3O,24/04/2020
2020-04-24 13:32:53,Charger not working  ,B6PN0AIAX6EC,7pvb7U7aWW,24/04/2020
2020-04-25 14:44:45,Software,QEEAWCKLU6ZJ,zsFW6pJl8j,25/04/2020
2020-04-25 15:00:17,Charger not working ,C6M8JOVC8VIC,p4UGiULI48,25/04/2020
2020-04-25 18:32:42,Software,37NY80U7EU21,oMbOSFNJIX,25/04/2020
2020-04-25 18:40:13,Charger not working,6MW4YBFV7TNU,iftBYHlQp2,25/04/2020
2020-04-25 19:01:54,Software,5JQ25UM7JD22,EmCUF36nvT,25/04/2020
2020-04-25 19:15:27,Screen broken,2ANOA5CARQB5,h6uwCDB3Mg,25/04/2020
2020-04-25 21:06:51,Screen broken,43Z7NDKPL418,D9samkjg94,25/04/2020
2020-04-25 21:20:27,Charger not working,ZCQMUN8TNPLY,vzGCtruymQ,25/04/2020
2020-04-25 23:52:43,Charger not working,RZT57369YP24,L6ldRxo9AO,25/04/2020
2020-04-26 13:50:02,Screen broken,QZ9DUPS1KHYR,VziWYqT2Gt,26/04/2020
2020-04-26 18:39:11,Battery issue,9N1UBLSL3I5Z,pbSC7AuYJ8,26/04/2020
2020-04-27 06:25:55,Software,NVE476XNL239,aQHksrNRIQ,27/04/2020
2020-04-27 14:30:24,Battery issue,WGUP29YC9FG7,FkBW5nBMyY,27/04/2020
2020-04-27 14:42:17,Software,X91SWS9Z9DS8,5ewMM6Psdq,27/04/2020
2020-04-27 14:50:19,Software,U4O48OD7FA8F,UNCkAc2GNs,27/04/2020
2020-04-27 16:51:58,Charger not working,KY21Q6I1X0VW,3VhdL3tzEs,27/04/2020
2020-04-27 19:00:32,Software,XZY9VQW2IDYH,3XGNTRJOwg,27/04/2020
2020-04-23 06:44:46,Charger not working,0C0NMWM66RC3,6Zp2rYjRKd,23/04/2020
2020-04-23 10:37:50,Charger not working,6YLH5WGDALXP,mhc6vmah1S,23/04/2020
2020-04-23 19:59:21,Charger not working,8HLG9XXXVS1G,o2wevGn4YN,23/04/2020
2020-04-24 07:55:36,Charger not working,YGKOWF40HT28,CTzDGpM5Rh,24/04/2020
2020-04-25 10:34:18,Charger not working,S12OAQF9P089,PAGpt8bVcU,25/04/2020
2020-04-25 11:41:10,Charger not working,S2NLZLFHN227,mMQxNWUxqw,25/04/2020
2020-04-25 12:55:01,Charger not working,RR8FNBIWPL05,osJaBN7qBN,25/04/2020
2020-04-25 13:17:33,Charger not working,IPTR02OXF220,Qid7EbfHAK,25/04/2020
2020-04-25 20:01:55,Charger not working,172NARYZOF0F,MMGDsvvHuX,25/04/2020
2020-04-26 04:44:33,Charger not working,VWQ8JG5GT23P,93InqX6rZW,26/04/2020
2020-04-26 15:45:05,Charger not working,YHL0G1A1ZYM7,6LsfXHuoU0,26/04/2020
2020-04-26 16:22:04,Charger not working,HS44Y9RQ3CVK,RDUgRVzQ1K,26/04/2020
2020-04-26 17:08:05,Charger not working,YXTMDAGLTLMY,mR0u9wPt9l,26/04/2020
2020-04-26 17:27:55,Charger not working,3X2ER2OY508G,DzZjbn5g8f,26/04/2020
2020-04-27 12:27:04,Charger not working,9D5OS8G35ZZ0,O5MDIQLzPX,27/04/2020
2020-04-27 14:21:40,Charger not working,ZWNY6O25UFJ4,NozD2D5sK2,27/04/2020
2020-04-27 15:08:37,Charger not working,1BNDY60U0VC2,zVgnoGecSH,27/04/2020
2020-04-28 07:07:38,Charger not working,AQHB185H7GH6,Ib0Zeo9Gts,28/04/2020
2020-04-28 07:54:06,Charger not working,9U1Y4XZB3C4W,34zzGcMAZz,28/04/2020
2020-04-28 10:54:07,Charger not working,8YU9H6KD9HQJ,cDtbdn11LO,28/04/2020
2020-04-28 12:55:29,Charger not working,S2BU22CE9F8A,VouDENAhcs,28/04/2020
2020-04-28 13:38:03,Charger not working,HS44Y9RQ3CVK,RDUgRVzQ1K,28/04/2020
2020-04-28 14:03:56,Charger not working,YXTMDAGLTLMY,mR0u9wPt9l,28/04/2020
2020-04-22 16:33:18,Charger not working,3X2ER2OY508G,DzZjbn5g8f,22/04/2020
2020-04-22 17:03:11,Charger not working,9D5OS8G35ZZ0,O5MDIQLzPX,22/04/2020
2020-04-22 16:54:23,Charger not working,HS44Y9RQ3CVK,RDUgRVzQ1K,22/04/2020
2020-04-22 17:22:09,Charger not working,YXTMDAGLTLMY,mR0u9wPt9l,22/04/2020
2020-04-22 17:15:44,Charger not working,3X2ER2OY508G,DzZjbn5g8f,22/04/2020
2020-04-22 17:23:51,Charger not working,9D5OS8G35ZZ0,O5MDIQLzPX,22/04/2020
2020-04-22 18:20:46,Charger not working,HS44Y9RQ3CVK,RDUgRVzQ1K,22/04/2020
2020-04-24 16:45:49,Charger not working,YXTMDAGLTLMY,mR0u9wPt9l,24/04/2020
2020-04-24 17:32:53,Charger not working,3X2ER2OY508G,DzZjbn5g8f,24/04/2020
2020-04-24 17:16:06,Charger not working,9D5OS8G35ZZ0,O5MDIQLzPX,24/04/2020
2020-04-24 17:23:24,Charger not working,HS44Y9RQ3CVK,RDUgRVzQ1K,24/04/2020
2020-04-24 17:47:54,Charger not working,YXTMDAGLTLMY,mR0u9wPt9l,24/04/2020
2020-04-24 17:49:33,Charger not working,3X2ER2OY508G,DzZjbn5g8f,24/04/2020
2020-04-24 18:20:17,Charger not working,9D5OS8G35ZZ0,O5MDIQLzPX,24/04/2020
2020-04-24 18:44:23,Charger not working,HS44Y9RQ3CVK,RDUgRVzQ1K,24/04/2020
2020-04-24 18:41:10,Charger not working,YXTMDAGLTLMY,mR0u9wPt9l,24/04/2020
2020-04-23 18:43:22,Charger not working,3X2ER2OY508G,DzZjbn5g8f,23/04/2020
2020-04-23 18:47:10,Charger not working,9D5OS8G35ZZ0,O5MDIQLzPX,23/04/2020
2020-04-23 19:07:48,Charger not working,HS44Y9RQ3CVK,RDUgRVzQ1K,23/04/2020
2020-04-23 19:59:21,Charger not working,YXTMDAGLTLMY,mR0u9wPt9l,23/04/2020
2020-04-23 20:24:17,Charger not working,3X2ER2OY508G,DzZjbn5g8f,23/04/2020
2020-04-23 20:51:24,Charger not working,9D5OS8G35ZZ0,O5MDIQLzPX,23/04/2020
2020-04-24 01:07:14,Charger not working,HS44Y9RQ3CVK,RDUgRVzQ1K,24/04/2020
2020-04-24 04:01:15,Charger not working,YXTMDAGLTLMY,mR0u9wPt9l,24/04/2020
2020-04-24 05:31:45,Charger not working,3X2ER2OY508G,DzZjbn5g8f,24/04/2020
2020-04-24 05:41:24,Charger not working,9D5OS8G35ZZ0,O5MDIQLzPX,24/04/2020
2020-04-27 07:13:38,Charger not working,HS44Y9RQ3CVK,RDUgRVzQ1K,27/04/2020
2020-04-25 17:52:51,Charger not working,YXTMDAGLTLMY,mR0u9wPt9l,25/04/2020
2020-04-25 17:57:19,Charger not working,3X2ER2OY508G,DzZjbn5g8f,25/04/2020
2020-04-25 18:29:18,Charger not working,9D5OS8G35ZZ0,O5MDIQLzPX,25/04/2020
2020-04-25 18:39:55,Charger not working,HS44Y9RQ3CVK,RDUgRVzQ1K,25/04/2020
2020-04-25 19:30:13,Charger not working,YXTMDAGLTLMY,mR0u9wPt9l,25/04/2020
2020-04-25 19:34:13,Charger not working,3X2ER2OY508G,DzZjbn5g8f,25/04/2020
2020-04-25 19:38:57,Charger not working,9D5OS8G35ZZ0,O5MDIQLzPX,25/04/2020
2020-04-25 20:04:14,Charger not working,HS44Y9RQ3CVK,RDUgRVzQ1K,25/04/2020
2020-04-25 20:15:30,Charger not working,YXTMDAGLTLMY,mR0u9wPt9l,25/04/2020
2020-04-25 20:36:38,Charger not working,3X2ER2OY508G,DzZjbn5g8f,25/04/2020
2020-04-25 21:28:48,Charger not working,9D5OS8G35ZZ0,O5MDIQLzPX,25/04/2020
2020-04-25 21:39:33,Charger not working,HS44Y9RQ3CVK,RDUgRVzQ1K,25/04/2020
2020-04-24 13:59:05,Charger not working,YXTMDAGLTLMY,mR0u9wPt9l,24/04/2020
2020-04-22 16:24:06,Charger not working,3X2ER2OY508G,DzZjbn5g8f,22/04/2020
2020-04-24 11:57:57,Charger not working,9D5OS8G35ZZ0,O5MDIQLzPX,24/04/2020