Company - Private,Accounting & Legal,3,50,Business Analyst,186
Company - Private,Accounting & Legal,4,50,Business Analyst,186
Company - Private,Accounting & Legal,4,200,Business Analyst,186
Company - Private,Accounting & Legal,4,100,Business Analyst,186
Company - Private,Accounting & Legal,3,100,Business Analyst,186
Company - Private,Accounting & Legal,4,1000,Data Analyst,186
Company - Public,Aerospace & Defense,3,100,Business Analyst,186
Company - Private,Aerospace & Defense,4,1000,Budget Analyst,186
Company - Private,Business Services,5,200,Business Analyst,186
Company - Private,Business Services,3,100,Business Analyst,186
Company - Private,Business Services,4,100,Business Analyst,186
Company - Private,Business Services,4,100,Business Analyst,186
Company - Public,Business Services,4,100,Business Analyst,186
Company - Private,Business Services,4,200,Business Analyst,186
Company - Private,Business Services,4,100,Business Analyst,186
Company - Private,Business Services,4,200,Business Analyst,186
Company - Public,Business Services,4,100,Business Analyst,186
Company - Private,Business Services,4,100,Business Analyst,186
Company - Private,Business Services,3,100,Business Analyst,186
Company - Public,Business Services,3,100,Business Analyst,186
Company - Private,Business Services,3,100,Business Analyst,186
Company - Private,Business Services,4,100,Business Analyst,186
Company - Private,Business Services,4,50,Business Analyst,186
Company - Public,Business Services,4,50,Business Analyst,186
Company - Private,Business Services,3,1000,Business Analyst,186
Company - Private,Business Services,4,100,Business Analyst,186
Company - Private,Business Services,4,1000,Business Analyst,186
Company - Private,Business Services,5,200,Business Analyst,186
Company - Private,Business Services,3,50,Business Analyst,186
Company - Private,Business Services,3,50,Business Analyst,186
Company - Private,Business Services,4,1000,Business Analyst,186
Company - Private,Business Services,4,100,Business Analyst,186
Company - Public,Business Services,4,100,Business Analyst,186
Company - Private,Business Services,5,100,Business Analyst,186
Company - Private,Business Services,5,200,Business Analyst,186
Contract,Business Services,4,100,Business Analysts,186
Company - Public,Business Services,3,10000,Business Analyst,186
Company - Private,Business Services,4,10000,Business Analyst,186
Company - Private,Business Services,3,10000,Business Analyst,186
Company - Private,Business Services,5,10000,Business Analyst,186
Company - Private,Business Services,4,100,Business Analyst,186
Company - Private,Business Services,4,10000,Business Analyst,186
Company - Private,Business Services,4,10000,Business Analyst,186
Company - Private,Business Services,4,50,Business Analyst,186
Contract,Business Services,4,50,Business Analyst,186
Company - Private,Business Services,4,100,IT Business Analyst,186
Company - Private,Business Services,4,200,Business Analyst,186
Company - Private,Business Services,3,20,Business Analyst,186
Company - Private,Business Services,5,50,Business Analyst,186
Company - Private,Business Services,5,50,Business Analyst,186
Company - Private,Business Services,3,50,Business Analyst,186
Company - Private,Business Services,4,50,Business Analyst,186
Company - Private,Business Services,3,200,Business Analyst,186
Company - Private,Business Services,3,200,Business Analyst,186
Company - Private,Business Services,4,200,Business Analyst,186
Company - Private,Business Services,4,100,Business Analyst,186
Company - Private,Business Services,4,100,BI Analyst,186
Company - Private,Business Services,4,100,Business Analyst,186
Company - Public,Business Services,4,100,Business Analyst,186
Company - Private,Business Services,4,1000,Data Analyst,186
Company - Private,Business Services,3,100,Business Analyst,186
Company - Public,Business Services,4,100,Business Analyst IV,186
Company - Private,Business Services,5,100,Business Analyst 3,186
Company - Private,Business Services,4,100,Business Analyst,186
Company - Private,Business Services,5,100,Business Analyst,186
Company - Private,Business Services,3,100,Data Analyst,186
Company - Private,Business Services,4,100,Business Analyst,186
Company - Private,Business Services,5,100,Business Analyst,186
Company - Private,Business Services,3,1000,Business Analyst -,186
Company - Private,Business Services,4,1000,Data Analyst,186
Company - Private,Business Services,4,1000,PO Business Analyst,186
Company - Private,Business Services,4,100,Business Analyst II,186
Company - Private,Business Services,5,1000,Data Analyst,186
Company - Public,Business Services,4,1000,Systems Analyst,186
Company - Private,Business Services,4,1000,Jr. Data Analyst,186
Company - Private,Business Services,4,1000,Financial Analyst,186
Company - Private,Business Services,4,100,IT Business Analyst,186
Company - Public,Business Services,4,1000,Data Analyst,186
Company - Private,Consumer Services,4,1000,Marketing Analyst,186
Company - Private,Education,4,200,Business Analyst,186
College / University,Education,4,50,Business Analyst,186
Company - Private,Finance,3,100,Reports Analyst,186
Company - Public,Finance,3,100,Business Analyst,186
Company - Private,Finance,4,100,Analyst,186
Company - Public,Finance,3,100,BSA Analyst,186
Company - Private,Finance,4,100,Senior FP&A Analyst,186
Company - Public,Finance,4,10000,Data Analyst,186
Company - Public,Finance,4,100,Business Analyst,186
Company - Public,Finance,4,10000,Business Analyst,186
Company - Private,Finance,4,200,Business Analyst,186
Company - Public,Finance,4,10000,Business Analyst,186
Company - Private,Finance,4,50,Business Analyst,186
Company - Private,Finance,4,100,Business Analyst,186
Government,Government,3,1000,Management Analyst,186
Government,Government,3,1000,Management Analyst,186
Government,Government,4,1000,Management Analyst,186
Company - Private,Health Care,3,100,Digital Analyst,186
Company - Private,Health Care,3,100,Business Analyst,186
Hospital,Health Care,4,100,Data Analyst,186
Company - Public,Health Care,3,100,Business Analyst,186
Company - Private,Health Care,3,1000,Business Analyst,186
Company - Private,Health Care,3,1000,Sr. Business Analyst,186
Company - Private,Health Care,4,1000,Project Analyst,186
Company - Private,Insurance,3,100,Product Analyst,186
Company - Public,Insurance,4,10000,Business Analyst,186
Company - Public,Insurance,3,100,Analyst, Business,186
Company - Private,Insurance,4,10000,Business Analyst,186
Company - Public,Insurance,3,100,Business Analyst,186
Company - Private,Insurance,3,100,Business Analyst,186
Company - Private,Insurance,4,10000,Business Analyst,186
Company - Public,Insurance,4,1000,Business Analyst,186
Company - Public,Insurance,3,10000,Business Analyst,186
Company - Private,Insurance,3,100,Business Analyst,186
Company - Private,Manufacturing,3,100,Digital Analyst,186
Company - Private,Manufacturing,3,100,Business Analyst,186
Company - Private,Manufacturing,4,50,Business Analyst,186
Company - Private,Manufacturing,4,100,Business Manager,186
Company - Public,Manufacturing,3,100,Senior Analyst,186
Company - Private,Manufacturing,3,100,Business Analyst,186
Company - Private,Manufacturing,4,100,Business Analyst,186
Company - Private,Media,5,1000,Data Analyst,186
Company - Public,Media,3,10000,Business Analyst,186
Company - Private,Media,4,100,Marketing Analyst,186
Company - Public,Media,4,10000,Business Analyst,186
Company - Private,Media,5,200,Business Analyst,186
Company - Public,Media,4,100,Sr. Business Analyst,186
Company - Public,Media,3,100,Analyst - Business,186
Company - Public,Real Estate,4,1000,Systems Analyst,186
Company - Private,Retail,3,100,HR Analyst,186
Company - Public,Retail,3,10000,Business Analyst,186
Company - Private,Retail,4,1000,Marketing Analyst,186
Company - Private,Retail,3,100,Business Analyst,186
Company - Private,Retail,3,100,IT Systems Analyst,186
Company - Private,Travel & Tourism,4,100,Business Analyst,186
