Company - Private,Finance,4,50,Business Analyst,64
Company - Private,Business Services,4,50,Business Analyst,64
Company - Public,Media,4,10000,Business Analyst,64
Company - Public,Media,3,10000,Business Analyst,64
Company - Private,Business Services,5,200,Business Analyst,64
Company - Public,Finance,4,100,Business Analyst,64
Company - Private,Business Services,4,100,Business Analyst,64
Company - Private,Business Services,4,100,Business Analyst,64
Company - Public,Finance,4,10000,Business Analyst,64
Company - Private,Business Services,4,200,Business Analyst,64
Company - Private,Finance,4,200,Business Analyst,64
Company - Private,Business Services,4,200,Business Analyst,64
Company - Public,Insurance,3,10000,Business Analyst,64
Company - Private,Business Services,3,20,Business Analyst,64
Company - Private,Media,5,200,Business Analyst,64
Company - Public,Insurance,4,1000,Business Analyst,64
Company - Private,Insurance,4,10000,Business Analyst,64
Company - Private,Business Services,4,100,Business Analyst,64
Company - Private,Business Services,4,50,Business Analyst,64
Company - Public,Business Services,4,50,Business Analyst,64
Company - Private,Business Services,3,1000,Business Analyst,64
Company - Private,Business Services,4,100,Business Analyst,64
Company - Private,Business Services,4,1000,Business Analyst,64
Company - Private,Business Services,5,200,Business Analyst,64
Company - Private,Accounting & Legal,3,50,Business Analyst,64
Company - Private,Business Services,3,50,Business Analyst,64
Company - Private,Business Services,3,50,Business Analyst,64
Company - Private,Business Services,4,1000,Business Analyst,64
Company - Private,Insurance,4,10000,Business Analyst,64
Company - Public,Retail,3,10000,Business Analyst,64
Company - Private,Business Services,5,200,Business Analyst,64
Company - Public,Finance,4,10000,Business Analyst,64
Company - Public,Business Services,3,10000,Business Analyst,64
Company - Private,Business Services,4,10000,Business Analyst,64
Company - Private,Business Services,3,10000,Business Analyst,64
Company - Private,Business Services,5,10000,Business Analyst,64
Company - Public,Insurance,4,10000,Business Analyst,64
Company - Private,Business Services,4,10000,Business Analyst,64
Company - Private,Business Services,4,10000,Business Analyst,64
College / University,Education,4,50,Business Analyst,64
Company - Private,Business Services,4,50,Business Analyst,64
Contract,Business Services,4,50,Business Analyst,64
Company - Private,Manufacturing,4,50,Business Analyst,64
Company - Private,Business Services,4,200,Business Analyst,64
Company - Private,Accounting & Legal,4,50,Business Analyst,64
Company - Private,Business Services,5,50,Business Analyst,64
Company - Private,Business Services,5,50,Business Analyst,64
Company - Private,Business Services,3,50,Business Analyst,64
Company - Private,Accounting & Legal,4,200,Business Analyst,64
Company - Private,Business Services,3,200,Business Analyst,64
Company - Private,Business Services,3,200,Business Analyst,64
Company - Private,Education,4,200,Business Analyst,64
Company - Private,Business Services,4,200,Business Analyst,64
Company - Private,Business Services,4,100,Business Analyst,64
Company - Private,Business Services,4,100,Business Analyst,64
Company - Public,Business Services,4,100,Business Analyst,64
Company - Private,Business Services,5,100,Business Analyst,64
Company - Private,Manufacturing,4,100,Business Analyst,64
Company - Private,Business Services,3,100,Business Analyst,64
Company - Public,Business Services,4,100,Business Analyst,64
Company - Private,Business Services,4,100,Business Analyst,64
Company - Private,Business Services,4,100,Business Analyst,64
Company - Private,Finance,4,100,Business Analyst,64
Company - Public,Insurance,3,100,Business Analyst,64
Company - Public,Health Care,3,100,Business Analyst,64
Company - Private,Travel & Tourism,4,100,Business Analyst,64
Company - Public,Finance,3,100,Business Analyst,64
Company - Private,Business Services,4,100,Business Analyst,64
Company - Private,Business Services,5,100,Business Analyst,64
Company - Public,Business Services,4,100,Business Analyst,64
Company - Private,Business Services,4,100,Business Analyst,64
Company - Private,Business Services,3,100,Business Analyst,64
Company - Public,Business Services,3,100,Business Analyst,64
Company - Private,Business Services,3,100,Business Analyst,64
Company - Public,Business Services,4,100,Business Analyst,64
Company - Private,Insurance,3,100,Business Analyst,64
Company - Public,Aerospace & Defense,3,100,Business Analyst,64
Company - Private,Health Care,3,100,Business Analyst,64
Company - Private,Manufacturing,3,100,Business Analyst,64
Company - Private,Business Services,3,100,Business Analyst,64
Company - Private,Accounting & Legal,4,100,Business Analyst,64
Company - Private,Manufacturing,3,100,Business Analyst,64
Company - Private,Insurance,3,100,Business Analyst,64
Company - Private,Business Services,4,100,Business Analyst,64
Company - Private,Accounting & Legal,3,100,Business Analyst,64
Company - Private,Business Services,4,100,Business Analyst,64
Company - Private,Business Services,5,100,Business Analyst,64
Company - Private,Retail,3,100,Business Analyst,64
Company - Private,Health Care,3,1000,Business Analyst,64
